DrawDate,Ball 1,Ball 2,Ball 3,Ball 4,Ball 5,Ball 6,Bonus Ball
07/03/2026,9,37,39,40,47,51,19
04/03/2026,20,33,43,46,50,56,45
28/02/2026,12,15,22,28,31,32,23
25/02/2026,31,34,36,41,54,57,27
21/02/2026,2,14,24,33,37,40,19
18/02/2026,1,11,12,13,18,49,33
14/02/2026,10,13,27,50,54,56,14
11/02/2026,5,11,28,30,47,53,52
07/02/2026,7,25,27,46,52,59,40
04/02/2026,1,2,19,29,51,57,5
31/01/2026,7,8,17,25,37,40,11
28/01/2026,33,45,50,52,58,59,15
24/01/2026,1,4,8,23,34,57,29
21/01/2026,5,24,28,46,49,56,19
17/01/2026,12,26,30,32,39,58,4
14/01/2026,2,5,22,35,44,54,23
10/01/2026,5,6,13,18,22,53,9
07/01/2026,3,9,20,33,45,50,12
03/01/2026,6,20,34,38,47,48,4
31/12/2025,3,20,27,29,38,46,14
27/12/2025,20,36,40,43,51,55,21
24/12/2025,12,15,16,35,38,48,49
20/12/2025,2,25,27,34,45,52,47
17/12/2025,15,20,43,50,51,58,36
13/12/2025,18,22,24,41,53,56,59
10/12/2025,4,9,26,35,42,46,38
06/12/2025,5,7,10,17,32,42,40
03/12/2025,6,13,19,48,57,58,1
29/11/2025,2,6,9,16,38,48,46
26/11/2025,10,21,49,54,55,56,40
22/11/2025,9,11,14,43,49,59,35
19/11/2025,15,18,36,50,51,57,10
15/11/2025,9,11,27,44,48,52,25
12/11/2025,9,17,31,34,54,57,7
08/11/2025,2,3,42,45,46,47,44
05/11/2025,2,15,20,42,43,59,16
01/11/2025,17,18,31,36,39,51,29
25/10/2025,3,24,26,34,35,36,9
22/10/2025,3,24,26,34,35,36,9
18/10/2025,6,39,43,52,58,59,19
15/10/2025,11,17,25,31,51,54,53
11/10/2025,11,17,25,31,51,54,53
08/10/2025,2,21,42,48,56,57,51
04/10/2025,6,8,12,33,49,59,42
01/10/2025,13,28,31,39,51,59,27
27/09/2025,15,23,24,28,37,41,59
24/09/2025,3,16,23,30,38,47,25
20/09/2025,13,16,30,36,53,59,22
17/09/2025,7,9,18,24,30,36,42
13/09/2025,1,26,36,49,53,54,10
10/09/2025,1,9,18,27,38,42,13
06/09/2025,10,22,37,40,45,57,24
03/09/2025,7,15,18,22,31,54,28
30/08/2025,6,10,19,20,43,59,16
27/08/2025,5,25,43,45,47,55,58
23/08/2025,7,30,38,42,54,59,5
20/08/2025,1,9,10,32,44,55,49
16/08/2025,1,11,15,19,45,48,37
13/08/2025,1,16,27,41,50,55,54
09/08/2025,2,27,29,38,44,51,23
06/08/2025,5,9,17,31,47,58,35
02/08/2025,1,5,10,30,33,50,56
30/07/2025,3,5,7,18,21,37,38
26/07/2025,9,23,24,28,42,57,18
23/07/2025,5,7,25,29,40,46,15
19/07/2025,5,7,25,29,40,46,15
16/07/2025,6,9,12,15,47,55,56
12/07/2025,4,11,17,25,41,51,14
09/07/2025,6,12,15,25,51,58,57
05/07/2025,9,12,18,37,43,45,15
02/07/2025,4,11,34,51,54,55,57
28/06/2025,16,17,22,38,40,47,4
25/06/2025,14,16,21,42,49,54,41
21/06/2025,6,10,12,13,31,58,15
18/06/2025,8,15,31,38,44,49,59
14/06/2025,8,20,36,42,48,59,46
11/06/2025,8,13,35,42,47,53,39
07/06/2025,11,17,27,30,39,46,56
04/06/2025,2,9,19,32,45,57,31
31/05/2025,8,11,12,16,20,33,52
28/05/2025,8,28,31,33,49,55,13
24/05/2025,9,12,13,26,38,40,4
21/05/2025,5,6,16,20,30,36,2
17/05/2025,18,24,34,35,47,51,26
14/05/2025,2,14,34,37,48,52,29
10/05/2025,13,14,15,27,33,36,18
07/05/2025,17,18,23,38,41,47,9
03/05/2025,17,18,23,38,41,47,9
30/04/2025,16,23,28,40,42,55,44
26/04/2025,7,8,11,32,36,59,21
23/04/2025,1,24,26,28,37,42,44
19/04/2025,1,2,11,13,30,37,33
16/04/2025,27,36,39,48,57,59,45
12/04/2025,4,10,12,22,53,55,31
09/04/2025,12,14,28,31,33,46,43
05/04/2025,10,26,33,53,57,59,18
02/04/2025,5,30,36,40,41,43,53
29/03/2025,1,7,17,35,43,57,19
26/03/2025,17,18,22,34,53,58,14
22/03/2025,10,11,34,38,54,55,26
20/03/2025,6,15,27,35,41,43,28
19/03/2025,6,15,27,35,41,43,28
15/03/2025,4,38,42,52,56,58,44
12/03/2025,4,38,42,52,56,58,44
08/03/2025,1,19,29,33,42,44,21
05/03/2025,8,18,19,30,43,44,58
01/03/2025,6,11,14,19,41,43,53
26/02/2025,1,4,10,26,31,40,24
22/02/2025,3,7,9,28,33,51,5
19/02/2025,5,7,37,39,40,43,8
15/02/2025,17,31,39,46,52,57,1
12/02/2025,8,33,34,50,56,59,17
08/02/2025,6,28,36,45,47,52,51
05/02/2025,26,27,34,41,51,54,52
01/02/2025,1,13,25,30,32,35,2
29/01/2025,7,14,29,31,38,39,56
25/01/2025,14,23,24,32,38,54,50
22/01/2025,2,5,12,20,47,57,43
18/01/2025,2,13,24,29,32,39,46
15/01/2025,11,33,34,38,55,57,20
11/01/2025,2,6,10,12,28,29,57
08/01/2025,7,17,20,24,27,46,21
04/01/2025,16,19,22,24,27,35,28
01/01/2025,18,31,35,38,42,54,41
28/12/2024,16,28,34,40,53,54,55
25/12/2024,9,15,17,35,47,51,31
21/12/2024,3,4,10,16,40,54,8
18/12/2024,18,20,28,39,52,58,38
14/12/2024,1,11,12,17,19,54,3
11/12/2024,2,32,35,36,49,52,19
07/12/2024,9,12,14,26,35,42,18
04/12/2024,12,19,25,35,37,39,3
30/11/2024,14,19,21,22,24,38,17
27/11/2024,15,31,35,38,42,59,6
23/11/2024,3,8,13,33,39,44,56
20/11/2024,2,7,27,33,37,56,30
16/11/2024,12,16,31,38,58,59,41
13/11/2024,11,12,28,29,41,54,17
09/11/2024,33,36,43,44,50,56,18
06/11/2024,3,6,14,19,32,35,17
02/11/2024,11,12,16,19,35,50,34
30/10/2024,27,36,41,43,54,57,7
26/10/2024,9,16,30,41,44,47,13
23/10/2024,6,9,23,27,45,51,47
19/10/2024,22,43,44,47,48,54,25
16/10/2024,9,11,29,41,42,48,43
12/10/2024,2,11,13,17,39,41,37
09/10/2024,4,7,20,41,55,56,48
05/10/2024,8,12,13,20,44,49,19
02/10/2024,4,5,6,20,21,59,2
28/09/2024,18,23,36,38,39,54,12
25/09/2024,1,3,4,14,55,57,2
21/09/2024,5,17,26,48,49,57,56
18/09/2024,7,20,33,50,51,57,44
14/09/2024,21,27,38,47,49,55,54
11/09/2024,3,10,23,41,53,57,28
07/09/2024,13,32,33,37,38,50,2
04/09/2024,3,6,15,25,29,41,17
31/08/2024,2,3,29,45,48,52,54
28/08/2024,4,10,25,29,49,53,30
24/08/2024,4,17,30,34,39,43,45
21/08/2024,9,23,37,42,53,57,58
17/08/2024,3,6,10,18,52,59,49
14/08/2024,7,15,30,36,45,48,27
10/08/2024,2,25,40,42,48,59,12
07/08/2024,10,11,22,42,49,56,58
03/08/2024,6,19,20,26,28,45,7
31/07/2024,12,16,21,33,52,58,37
27/07/2024,3,25,27,33,40,45,58
24/07/2024,3,17,23,29,31,34,46
20/07/2024,9,19,22,41,55,58,44
17/07/2024,2,7,32,44,45,49,39
13/07/2024,22,27,37,38,49,51,59
10/07/2024,8,9,13,19,26,48,54
06/07/2024,11,18,24,37,47,59,13
03/07/2024,1,8,42,46,50,58,51
29/06/2024,7,11,19,25,29,31,6
26/06/2024,8,27,34,36,37,56,54
22/06/2024,5,9,18,32,44,58,34
19/06/2024,3,7,13,15,21,52,23
15/06/2024,1,9,25,29,34,39,22
12/06/2024,13,40,41,42,51,59,5
08/06/2024,3,7,10,23,24,41,59
05/06/2024,1,9,13,21,33,58,28
01/06/2024,6,11,16,21,43,50,9
29/05/2024,1,8,16,22,25,56,4
25/05/2024,6,28,30,40,53,58,13
22/05/2024,6,7,25,31,35,43,12
18/05/2024,9,13,22,45,46,48,29
15/05/2024,11,17,25,47,52,53,37
11/05/2024,12,13,14,34,50,51,22
08/05/2024,4,13,34,38,43,52,36
04/05/2024,2,7,16,31,54,59,10
01/05/2024,13,16,21,22,44,53,36
27/04/2024,2,15,18,25,57,58,53
24/04/2024,8,14,18,53,56,59,40
20/04/2024,5,26,29,43,52,54,32
17/04/2024,11,26,28,31,35,39,40
13/04/2024,17,26,31,33,45,48,47
10/04/2024,9,19,24,31,39,56,55
